quality,terms
aspiration,dream of
aspiration,like to
aspiration,want to
aspiration,love to
aspiration,desire to
aspiration,wish to
aspiration,crave for
aspiration,choose to 
aspiration,prefer to
aspiration,need to
aspiration,aspire to
aspiration,incline toward
aspiration,yearn for
aspiration,long for
aspiration,fancy for
aspiration,ache for
aspiration,go for
aspiration,eyes for 
aspiration,hots for
aspiration,aim to
aspiration,die for
aspiration,heart on
aspiration,enjoy to
aspiration,seek to
aspiration,beg for
aspiration,demand for
aspiration,hope for
aspiration,ought to
aspiration,fancy to
aspiration,pine for
aspiration,sigh for
aspiration,thirst for 
aspiration,urge to
aspiration,itching to
aspiration,pining for
aspiration,urging to
aspiration,dreaming of
aspiration,wanting to
aspiration,desiring to
aspiration,wishing for
aspiration,craving for
aspiration,choosing to 
aspiration,preferring to
aspiration,needing to
aspiration,aspiring to
aspiration,inclining toward
aspiration,yearning for
aspiration,longing for
aspiration,fancying for
aspiration,aching for
aspiration,going for
aspiration,eyeing for 
aspiration,aiming to
aspiration,dying for
aspiration,enjoying to
aspiration,seeking to
aspiration,begging for
aspiration,demanding for
aspiration,hoping for
aspiration,fancying to
aspiration,sight for
aspiration,thirsting for 
aspiration,urging to
aspiration,might buy
aspiration,might want
aspiration,would like
aspiration,test drive
