acura,integra
acura,legend
acura,vigor
acura,rlx
acura,ilx
acura,mdx
acura,slx
acura,rdx
acura,tsx
acura,cl
acura,nsx
acura,rl
acura,tl
acura,mdx
acura,rsx
aston martin,db7
aston martin,vanquish
audi,quattro
audi,a4
audi,a6
audi,a5
audi,s4
audi,allroad
audi,rs6
audi,s8
audi,tt
audi,a7
audi,q3
audi,q5
audi,q7
audi,a8
audi,a3
bentley,azure
bentley,continental
bentley,arnage
bmw,3-series
bmw,5-series
bmw,6-series
bmw,4-series
bmw,xdrive
bmw,alpina
bmw,330ci
bmw,328i
bmw,z4
bmw,x3
bmw,7-series
bmw,x5
bmw,330c
bmw,z3
bmw,z8
bmw,335i
bmw,335d
bmw,528i
bmw,535i
bmw,128i
bmw,640i
bmw,3er
bmw,5er
bmw,m5
bmw,m3
bmw,m6
bmw,bmws
bmw,bmwesque
bmw,3
bmw,5
bmw,7
buick,park avenue
buick,la crosse
buick,lacrosse
buick,century
buick,enclave
buick,encore
buick,regal
buick,buicks
cadillac,catera
cadillac,concours
cadillac,cts
cadillac,delegance
cadillac,deville
cadillac,eldorado
cadillac,seville
cadillac,xlr
cadillac,escalade
cadillac,srx
cadillac,xts
chevrolet,grand blazer
chevrolet,trailblazer
chevrolet,trailblazer
chevrolet,silverado
chevrolet,colorado
chevrolet,corvette
chevrolet,suburban
chevrolet,cavalier
chevrolet,caprice
chevrolet,captiva
chevrolet,equinox
chevrolet,express
chevrolet,lacetti
chevrolet,montana
chevrolet,uplander
chevrolet,orlando
chevrolet,tornado
chevrolet,tracker
chevrolet,traverse
chevrolet,caprice
chevrolet,captiva
chevrolet,equinox
chevrolet,express
chevrolet,camaro
chevrolet,cobalt
chevrolet,impala
chevrolet,lumina
chevrolet,malibu
chevrolet,prisma
chevrolet,tavera
chevrolet,camaro
chevrolet,cobalt
chevrolet,impala
chevrolet,lumina
chevrolet,malibu
chevrolet,tavera
chevrolet,agile
chevrolet,celta
chevrolet,cruze
chevrolet,lanos
chevrolet,omega
chevrolet,optra
chevrolet,sonic
chevrolet,spark
chevrolet,tahoe
chevrolet,agile
chevrolet,cruze
chevrolet,sonic
chevrolet,spark
chevrolet,aveo
chevrolet,lova
chevrolet,n200
chevrolet,niva
chevrolet,onix
chevrolet,s-10
chevrolet,sail
chevrolet,volt
chevrolet,aveo
chevrolet,volt
chevrolet,chevy
chevrolet,malibus
chevrolet,suburban
chevrolet,corvette
chrysler,town and country
chrysler,chrysler 300
chrysler,chrysler 200
chrysler,pacifica
chrysler,cruiser
chrysler,sebring
chrysler,300m
chrysler,lx
chrysler,chryslers
dodge,challenger
dodge,intrepid
dodge,avenger
dodge,charger
dodge,durango
dodge,journey
dodge,caliber
dodge,stealth
dodge,magnum
dodge,viper
dodge,dart
dodge,ram
ford,crownvictoria
ford,expedition
ford,supervan
ford,freestar
ford,explorer
ford,mustang
ford,ecoline
ford,tourneo
ford,everest
ford,fiesta
ford,fusion
ford,taurus
ford,galaxy
ford,escape
ford,focus
ford,f-150
ford,c-max
ford,s-max
ford,kuga
ford,cmax
ford,f150
ford,fords
ford,fusions
ford,fusionmilan
honda,crosstour
honda,ridgeline
honda,inspire
honda,mobilio
honda,prelude
honda,shuttle
honda,spirior
honda,stepwgn
honda,crider
honda,insight
honda,legend
honda,odyssey
honda,stream
honda,amaze
honda,hobio
honda,n-box
honda,n-one
honda,n-wgn
honda,pilot
honda,vamos
honda,vezel
honda,spike
honda,acty
honda,brio
honda,city
honda,civic
honda,cr-v
honda,freed
honda,jade
honda,zest
honda,aria
honda,ex-l
honda,cr-z
honda,jazz
honda,nsx
honda,nbox
honda,exl
honda,fcx
honda,5dr
honda,crv
honda,pilot
honda,accord
honda,hondas
honda,accords
honda,odessey
honda,crosstour
hyndai kia,hyundaikia
hyundai,centennial
hyundai,grandeur
hyundai,veloster
hyundai,elantra
hyundai,genesis
hyundai,tiburon
hyundai,tuscani
hyundai,dynasty
hyundai,santamo
hyundai,stellar
hyundai,accent
hyundai,lantra
hyundai,avante
hyundai,santro
hyundai,sonata
hyundai,scoupe
hyundai,matrix
hyundai,lavity
hyundai,verna
hyundai,equus
hyundai,azera
hyundai,xcent
hyundai,click
hyundai,atos
hyundai,atoz
hyundai,ix20
hyundai,getz
hyundai,pony
hyundai,i10
hyundai,i20
hyundai,i30
hyundai,i40
hyundai,i45
hyundai,xg
hyundai,santa
hyundai,sonatas
hyundai,hyundais
hyundai,veracruz
"hyundai,","excel,"
hyundai.,excel.
infiniti,i30
infiniti,i35
infiniti,m45
infiniti,q45
infiniti,g35
infiniti,fx45
infiniti,qx56
infiniti,qx50
infiniti,qx60
infiniti,qx70
infiniti,g20
infiniti,fx35
infiniti,qx4
infiniti,q50
infiniti,q60
infiniti,q70
infiniti,g37
infiniti,g25
infiniti,6mt
jaguar,s-type
jaguar,x-type
jaguar,xj
jaguar,xk8
jaguar,jag
jaguar,xjr
kia,cadenza
kia,sorento
kia,sedona
kia,forte
kia,koup
kia,k900
kia,kias
kia,optima
"kia,",optima
kia.,optima
lexus,es 330
lexus,gs 300
lexus,gs 400
lexus,gs 430
lexus,gx 470
lexus,is 300
lexus,ls 400
lexus,ls 430
lexus,lx 470
lexus,rx 300
lexus,rx 330
lexus,ls 400
lexus,sc 300
lexus,sc 430
lexus,ls430
lexus,sc430
lexus,ls400
lexus ,rx 330
lincoln,navigator
lincoln,town car
lincoln,aviator
lincoln,zephyr
lincoln,blackwood
lincoln,mkz
lincoln,continental
lincoln,mks
lincoln,mkx
lincoln,mkc
lincoln,ls
lincoln,mkt
maserati,coupe
maserati,spyder
mazda,az-offroad
mazda,az-wagon
mazda,familia
mazda,premacy
mazda,biante
mazda,carol
mazda,scrum
mazda,mazda2
mazda,mazda3
mazda,mazda5
mazda,atenza
mazda,mazda6
mazda,mazda8
mazda,bongo
mazda,demio
mazda,axela
mazda,rx-8
mazda,cx-7
mazda,bt-50
mazda,rx-8
mazda,mx-5
mazda,cx-5
mazda,cx-9
mazda,6i
mazda,cx9
mazda,cx5
mazda,rx8
mazda,mazdas
mazda,mazda6s
mazda,mazda6i
mercedes,mercedes-benz
mercedes,benz
mercedes,g-class
mercedes,m-class
mercedes,slk-class
mercedes,sl-class
mercedes,clk-class
mercedes,cl-class
mercedes,c-class
mercedes,e-class
mercedes,s-class
mercedes,mercedesbenz
mercedes,s500
mercedes,s430
mercedes,benz
mercedes,mercedes benz
mercedes,mercedes-benz
mercedes,mercedes'
mercedes,mb
mercury,milan
mercury,mercury
mitsubishi,galant
mitsubishi,lancer
nissan,pathfinder
nissan,frontier
nissan,sentra
nissan,altima
nissan,maxima
nissan,murano
nissan,armada
nissan,xterra
nissan,versa
nissan,rogue
nissan,titan
nissan,cube
nissan,juke
nissan,leaf
nissan,370z
nissan,altimas
nissan,nissans
nissan.,quest.
nissan.,"quest,"
pontiac,streamliner
pontiac,grand prix
pontiac,grand am
pontiac,sunfire
pontiac,torpedo
pontiac,aztek
pontiac,vibe
pontiac,wave
pontiac,vibe
pontiac,gxp
pontiac,gto
pontiac,g6
pontiac,g3
pontiac,g4
pontiac,g5
pontiac,g6
pontiac,g8
saturn,aura
seat,seats
subaru,outback sport
subaru,grand wagon
subaru,impreza xv
subaru,crosstrek
subaru,lancaster
subaru,forester
subaru,impreza
subaru,tribeca
subaru,liberty
subaru,outback
subaru,gravel
subaru,legacy
subaru,sambar
subaru,stella
subaru,exiga
subaru,pleo
subaru,brz
subaru,wrx
subaru,dex
subaru,r1
subaru,r2
suzuki,every landy
suzuki,cappuccino
suzuki,mighty boy
suzuki,geo metro
suzuki,mr wagon
suzuki,palette
suzuki,wagon r
suzuki,kizashi
suzuki,equator
suzuki,splash
suzuki,ertiga
suzuki,cultus
suzuki,esteem
suzuki,fronte
suzuki,escudo
suzuki,lapin
suzuki,solio
suzuki,swift
suzuki,landy
suzuki,jimny
suzuki,aerio
suzuki,liana
suzuki,cervo
suzuki,forsa
suzuki,ignis
suzuki,x-90
suzuki,xl7
suzuki,sx4
suzuki,apv
toyata,camrybest
toyota,corolla/sprinter
toyota,urban cruiser
toyota,land cruiser
toyota,highlander
toyota,fj cruiser
toyota,hilux surf
toyota,fortuner
toyota,stallion
toyota,vanguard
toyota,4runner
toyota,alphard
toyota,avensis
toyota,century
toyota,coaster
toyota,comfort
toyota,granvia
toyota,liteace
toyota,scepter
toyota,sequoia
toyota,succeed
toyota,townace
toyota,toyoace
toyota,venture
toyota,allion
toyota,aurion
toyota,avalon
toyota,avanza
toyota,condor
toyota,fiedler
toyota,majesta
toyota,estima
toyota,hiclass
toyota,innova
toyota,kijang
toyota,kingdom
toyota,kluger
toyota,matrix
toyota,miniace
toyota,picnic
toyota,premio
toyota,probox
toyota,qualis
toyota,ractis
toyota,sienna
toyota,sienta
toyota,sparky
toyota,tacoma
toyota,tamaraw
toyota,tarago
toyota,tundra
toyota,vienta
toyota,auris
toyota,belta
toyota,camry
toyota,carri
toyota,rumion
toyota,etios
toyota,hilux
toyota,hiace
toyota,mark x
toyota,passo
toyota,porte
toyota,prius
toyota,sofia
toyota,tiara
toyota,venza
toyota,verso
toyota,yaris
toyota,zelas
toyota,aygo
toyota,cami
toyota,dyna
toyota,isis
toyota,nadia
toyota,noah
toyota,raum
toyota,rav4
toyota,reiz
toyota,vios
toyota,voxy
toyota,platz
toyota,axio
toyota,ist
toyota,sai
toyota,vitz
toyota,echo
toyota,bb
toyota,iq
toyota,zio
toyota,camry
toyota,prius
toyota,venza
toyota,camrys
toyota,avalon
toyota,solara
toyota,corolla
toyota,toyotas
toyota,highlander
volkswagen,sportwagen
volkswagen,touraeg
volkswagen,passat
volkswagen,tiguan
volkswagen,beetle
volkswagen,rabbit
volkswagen,jetta
volkswagen,golf
volkswagen,gti
volkswagen,eos
volkswagen,volkwagen
volkswagen,vw
volkswagen,vws
volkswagen,passats
volkwagen,passat
volvo,xc60
volvo,xc70
volvo,xc90
volvo,s60
volvo,s80
volvo,v60
volvo,c70
